Tweet;Category
Banyak yang mengira streaming ilegal lewat Telegram lebih aman dibanding website. Padahal  keduanya tetap punya risiko yang nggak bisa dianggap sepele.;Technology
Sebelum asal klik link atau download file, coba pahami dulu bedanya di visual berikut ini!;Technology
SpaceX Ternyata Bakar Duit Besar-besaran dan Rugi Raksasa;Technology
'Gerbang Internet' di Wamena Bikin Internet Papua Pegunungan Stabil;Technology
Google Search Berubah Total Setelah 25 Tahun, AI Kini Ambil Alih;Technology
Senjata Laser Makin Menjamur di Timur Tengah, Ini Alasannya;Technology
Integrasi Jaringan XLSmart Capai 70%, Sinyal 5G Makin Dikebut;Technology
Apple Ingin Ganti Aluminium iPhone Pro, Pakai Titanium Lagi?;Technology
3 HP Ultra Terbaik 2026 Sudah Resmi di RI, Kamera dan AI Juara;Technology
Apple Umumkan Fitur Aksesibilitas Baru Berbasis AI;Technology
Digitalisasi UMKM Kian Masif, Koneksi Internet Stabil Jadi Andalan;Technology
Perbanding iPhone 17e vs 16e: Serupa Tapi Ada Bedanya, Perlu Upgrade?;Technology
WhatsApp Web Down,  Malah Muncul Facebook Bikin Netizen Heboh;Technology
Pria Ini Rakit Komputer Setipis Kartu Kredit, Tebalnya Cuma 1 mm;Technology
Bocoran Galaxy Z Fold8 dan Fold Wide: Upgrade Baterai dan Kamera;Technology
Xiaomi 17T Series Dipastikan Rilis Akhir Mei, Speknya Gahar;Technology
Galaxy Z Flip8 Kabarnya Tak Punya Penerus, Jadi HP Flip Terakhir Samsung?;Technology
Mantan Bos Google Dicemooh Saat Sebut AI di Pidato Wisuda, Kenapa?;Technology
Sam Altman Sebut Elon Musk Gila Kontrol, OpenAI Buktinya;Technology
Usai Batasi Usia,  Komdigi Akan Wajibkan Akun Medsos Pakai Nomor HP;Technology
Apple Bocorkan Agenda WWDC 2026,  Ada Gebrakan AI Baru?;Technology
Ramalan Teknologi Masa Depan Ini Ternyata Meleset Jauh;Technology
Apa Saja 5 Keunggulan Telkomsel 5G Powered by AI? Simak di Sini!;Technology
iPhone 16 Pro Max Kirana Larasati Ikut Diving 150 Meter, Begini Nasibnya;Technology
Syarat Berat Gemini Intelligence: RAM 12GB dan Chip Flagship;Technology
Spesifikasi Garmin Forerunner 70 dan 170, Buat Pelari Pemula;Technology
Jenius! RTX 3070 Disulap Jadi Pakai VRAM 16GB, Kanibal dari GPU AMD ;Technology
DJI Pamer Osmo Pocket 4P di Festival Film Cannes;Technology
Hoax dan Deepfake Jadi Ancaman Baru Ketahanan Nasional;Technology
5G Bukan Lagi Teknologi 'Orang IT', Kini Dekat dengan Aktivitas Harian;Technology
Google Gagalkan Eksploitasi Zero-Day yang Diciptakan Pakai AI;Technology
Ramalan Teknologi Zaman Dulu Ini Bikin Tercengang;Technology
Heboh! Donald Trump Posting Foto Bareng Alien, AI atau Nyata?;Technology
Ngeri! Dua Jet Tempur Angkatan Laut AS Bertabrakan di Udara;Technology
Show Bangun Platform Film Berbasis Kripto dan AI;Technology
Linknet Garap CCTV Berbasis AI di Kawasan Industri EJIP;Technology
Bitcoin Senilai Rp 6,4 Miliar Selamat Berkat AI Claude;Technology
Unboxing MacBook Neo: Laptop Apple Rp 10 Jutaan Warna Citrus Bikin Kepincut;Technology
SAP Autonomous Enterprise: Kolaborasi Manusia dan Agen AI di Dunia Bisnis;Technology
Microsoft Mau Bangun Data Center, Presiden Ketar-ketir;Technology
Prosesor Masa Depan Diprediksi Punya 512 Core;Technology
Google Ubah Android Jadi 'Agen' AI yang Bisa Bertindak Sendiri;Technology
AI Kamera Sony Xperia 1 VIII Jadi Bahan Meme Kocak Netizen;Technology
Intel Kabarnya Mulai Produksi Chip iPhone;Technology
Banyak yang baru sadar setelah kejadian. HP lemot, akun kena hack;Technology
Mahasiswa RI Juarai Kompetisi Apple, Bongkar Pelacakan Rahasia Internet;Technology
Harga MacBook Neo RI Bikin Kaget, Lebih Murah dari Singapura & Malaysia;Technology
Viral UFO di Natuna, Mirip Objek Misterius di Rekaman Pentagon;Technology
Data Satelit Jadi Andalan Mitigasi Bencana, Telkomsat Gaet Nara Space Korsel;Technology
Unboxing iPhone 17e Soft Pink, Warnanya Bikin Kepincut Harga Rp 13 Jutaan;Technology
Data OpenAI Dibobol Hacker, Bagaimana Nasib Pengguna ChatGPT?;Technology
Fitur Keamanan Baru Lindungi HP Android dari Copet dan Penipu;Technology
Jadwal MPL ID S17 Week 8 Hari Ini: Dewa United Esports Vs Onic;Technology
Xi Jinping Janjikan 'Karpet Merah' Bagi Raksasa Teknologi AS;Technology
Liburan Panjang, Puas-puasin Movie Marathon Harga Hemat;Technology
Harga MacBook Neo di RI Mulai Rp 10,749 Juta;Technology
Video Samsung Tanggapi Gugatan Dua Lipa Senilai Rp263 Miliar;Technology
Instagram Luncurkan Fitur Instants, Apa Bedanya dengan Stories?;Technology
Mantan Rekan Kerja Bilang Omongan Sam Altman Tak Bisa Dipegang;Technology
Spotify Rilis Party of the Year(s), Fitur Ala Wrapped untuk Kilas Balik dari Awal;Technology
Daftar HP Samsung yang Dukung AirDrop untuk Transfer Foto ke iPhone;Technology
Kata Siapa Minyak Bumi dari Fosil Dino, Ilmuwan Tak Bilang Begitu;Technology
Teknologi Pelacak Bus Haji Pantau Jemaah Indonesia 24 Jam;Technology
Elon Musk & Komisi Sekuritas AS Diduga Main Mata Senilai USD 1,5 Juta;Technology
Urusan Foto Deepfake Lingerie yang Ditanggapi Santai PM Italia;Technology
Bulan Terus Menjauh dari Bumi, Bahaya Nggak Nih?;Technology
Meta Latih AI Pakai Gerak-gerik Karyawan, Bikin Suasana Tak Nyaman;Technology
RI Kini Satu Circle dengan Raksasa Prakiraan Cuaca Dunia;Technology
Teroris Rekrut Anak Lewat Chat Game, Ini yang Mesti Dilakukan Ortu;Technology
Jadwal MPL ID S17 Week 8: Dewa United Esports Vs Evos;Technology
5 Alasan iPhone 17e Rp 13 Jutaan Layak Dibeli Tahun Ini;Technology
Sony Xperia 1 VIII Meluncur, Bawa Desain Baru dan Kamera AI;Technology
Masuk Gedung Diminta KTP dan Foto? Ternyata Ada Risiko Keamanan Siber;Technology
Wujud Honor X6c, HP Rp 2 Jutaan Bawa Baterai Besar;Technology
Cristian Chivu Panen Pujian Usai Bawa Inter Milan Raih Double Winner;Technology
Lebih Murah! Ini Harga AirTag 2 Paket 4 Pack di Indonesia;Technology
Fitur Baru WhatsApp: Bisa Curhat dan Bahas Hal Rahasia ke Meta AI;Technology
Samsung Buka Pendaftaran One UI 9 Beta, Ini HP yang Bisa Jajal;Technology
Bandar Antariksa Biak Diklaim Lebih Strategis dari Cape Canaveral;Technology
Jamin Prediksi Cuaca Makin Akurat di Indonesia, Ini Sumber Data BRIN;Technology
Talenta Digital ASEAN Bersaing Sengit di 10th Huawei ICT Competition;Technology
Perebutan 'Kue' Internet Satelit RI Memanas, PSN Tantang Starlink;Technology
Cara BRIN Ramal Cuaca Dulu vs Sekarang, Bakal Makin Akurat;Technology
Tahun Depan, Indonesia Luncurkan Dua Satelit Buatan Anak Bangsa;Technology
Pertama di RI, Fitur Diabetes Risk Study Hadir di HUAWEI Watch Fit 5;Technology
Fitur Baru HP Samsung Bisa Blokir Aplikasi yang Spam Notifikasi Iklan;Technology
Honor Janjikan Harga X7d Bakal Stabil;Technology
Video: NVIDIA Luncurkan Tekonologi Baru Untuk Pengembangan AI;Technology
Era AI membutuhkan CPU baru. Perkenalkan NVIDIA Vera, penyelesaian tugas agen 80% lebih cepat daripada x86.;Technology
Masa depan yang berorientasi pada agen membutuhkan jenis komputasi baru;Technology
Pameran Ekosistem NVIDIA AI Factory MGX di #COMPUTEX2026 memiliki jawabannya.;Technology
Di #NVIDIAGTC di #COMPUTEX2026, jelajahi sesi yang membahas perkembangan terbaru dalam komputasi akselerasi, desain semikonduktor, fisika AI, dan banyak lagi.;Technology
Supermicro baru saja meluncurkan platform server generasi berikutnya yang dioptimalkan untuk prosesor @intel ® Xeon® 6+ yang baru.;Technology
Di COMPUTEX 2026, SK hynix menghadirkan produk-produk memori AI utama yang mendukung platform NVIDIA.;Technology
Di #COMPUTEX2026, @SKhynix memamerkan inovasi yang mendorong era komputasi AI berikutnya.;Technology
Mulai dari perangkat keras terbaru hingga kolaborasi eksklusif yang menakjubkan, MSI menampilkan perlengkapan gaming terkini.;Technology
Tahun ini lebih dari sekadar acara tahunan besar bagi industri teknologi. Ini juga merupakan peringatan 10 tahun yang monumental dari seri ASRock Taichi!;Technology
Apakah kalian siap untuk apa yang akan datang??!! Sampai jumpa di COMPUTEX 2026!!;Technology
Seiring dengan perubahan lanskap komputasi yang dipengaruhi oleh AI berbasis agen, Rene akan berbagi mengapa Arm berada di pusat perubahan ini.;Technology
