Tweet,Category,,
Selamat pagi. Bangun tidur dan mendapati $1 sekarang setara dengan 18.100 rupiah. Pertamax naik dari Rp12.300 menjadi Rp16.250 dan 5kg beras dari Rp75.000 menjadi Rp90.000. Jika Anda tidak melihat ada yang salah dengan situasi Indonesia yang kacau saat ini Anda mungkin anak nepotisme atau orang-orang bodoh yang memilih O2.,Economy,,
"Saat Anda berbicara tentang sebuah serial, sebutkan namanya",Entertaiment,,
Bisnis apa yang aman untuk dimulai ketika perekonomian Indonesia sedang terpuruk seperti saat ini? Apakah toko permen masih bisa bertahan? Karena orang tua saya mempunyai toko permen kecil  saya ingin meminjam ke bank untuk memperluas toko permen orang tua saya untuk membantu perekonomian keluarga kami.,Economy,,
Meski Purbaya kerap mengklaim keadaan baik-baik saja  namun perekonomian Indonesia sudah memasuki mode bertahan hidup. Maksudnya itu apa?,Economy,,
Dia tertipu trik tertua dan diculik,Entertaiment,,
Patch resmi Wuthering Waves 3.5: Para suster akhirnya bersatu kembali!,Entertaiment,,
"Ini jelas bukan misi segue, ini terasa seperti misi cerita utama 10/10 setara dengan 2.6, 3.1, dan 3.3",Entertaiment,,
masalahnya  dosanya selama 32 tahun itu dampaknya masih diwariskan sampai kini: budaya KKN yg gabisa ilang  orang2 kaya warisan zaman soeharto sampai skrg masih terus mengeruk kekayaan lewat tambang2  dll,Economy,,
"Sangkar Ling luar biasa! Donghua lebih unggul dari anime dan saya suka anime. Anda tidak dapat membandingkan animasi, tempo, cerita, atau durasinya dengan apa pun di anime.  Ada beberapa 300+ episode anime tetapi mereka memiliki 100 pengisi yang jelek untuk mencapainya. One piece jelek jadi jangan mau mendengarnya!",Entertaiment,,
SALAH SATU PENYEBAB KEMISKINAN BUKAN KARENA KEKURANGAN REZEKI TAPI KARENA KEBANYAKAN UTANG. kita sering salah menyalahkan seperti gaji kecil sulit hidup tidak adil. padahal tanpa sadar sebagian besar rezeki yang datang sudah habis bahkan sebelum sempat,Economy,,
Saatnya melihat Penguasa Misteri,Entertaiment,,
"Trailernya besok, gaang!",Entertaiment,,
Google Search Berubah Total Setelah 25 Tahun  AI Kini Ambil Alih,Technology,,
Kupikir ini Diablo sebentar - terlihat sangat menarik,Entertaiment,,
Di mana saya bisa menontonnya?,Entertaiment,,
PERTUMBUHAN 5 6% TAPI RUPIAH & IHSG TERBURUK: PARADOKS EKONOMI INDONESIA? Pemerintah senang memamerkan pertumbuhan PDB kuartal pertama tahun 2026 sebesar 5 61% tahun-ke-tahun  melampaui Jepang dan Eropa  ditambah ekspor yang naik tipis 0,Economy,,
Telah menyebarkan cinta untuk serial ini selama beberapa bulan. Saya menontonnya 3 kali berturut-turut. Ini sangat bagus.,Entertaiment,,
Selamat ulang tahun Denia,Entertaiment,,
"Pedang juga merupakan sinematografi yang epik, lihatlah secepatnya!",Entertaiment,,
Dia melipat begitu keras sehingga seluruh fandom merasakan sakit yang tidak dirasakan.,Entertaiment,,
Di mana saya bisa menontonnya?,Entertaiment,,
apa hubungannya dengan gambar tersebut?,Entertaiment,,
"Pada versi 6.5.50, Manajer Login akun Nintendo Switch telah ditambahkan ke game, setidaknya secara internal",Entertaiment,,
Punya presiden halu bikin sengsara rakyatnya gara2 MBG negara harus efesiensi yg berakibat ASN nakes kayak kita2 yg gaji gk seberapa tapi kerja gk kenal tanggal merah terancam di stop tukin nya. Hidup 1 bulan cuma dngn modal gaji 3 jtan + udah punya anak bener2 survival ini mah,Economy,,
Perebutan 'Kue' Internet Satelit RI Memanas  PSN Tantang Starlink,Technology,,
The Economist baru saja menulis sesuatu yang jarang mereka lakukan mengenai negara berkembang. Mereka menulis briefing bukan sekadar artikel biasa. Judulnya: Presiden Indonesia Membahayakan Perekonomian dan Demokrasi. Dan setelah membaca semuanya sulit untuk membantahnya.,Economy,,
film Cina?,Entertaiment,,
"LIHAT FAKTA Video Anies Baswedan tentang Situasi Terkini di Indonesia ""Rupiah telah jatuh ke titik terendah sepanjang sejarah. Harga-harga meningkat  kesempatan kerja semakin menyempit  daya beli rumah tangga melemah  tabungan terkikis. Dan ini berdampak pada penghidupan masyarakat",Economy,,
EPISODE TAHUN INI?,Entertaiment,,
Hanya Tartaglia yang membidik Raiden Shogun.,Entertaiment,,
dalam game cutscene menjadi lebih baik setiap patch saya sangat suka betapa ekspresifnya karakter akhir-akhir ini,Entertaiment,,
"Saya benar-benar belum pernah melihat pertunjukan ini sebelumnya, hanya melihatnya seperti trailer sejak lama, jadi saya tidak tahu bagaimana saya langsung tahu itu adalah Lord of Mysteries.",Entertaiment,,
Ayah bilang rasio utang Indonesia 40%  paling disiplin di ASEAN Pak  rasio utang yang rendah itu bagus  tapi itu bukan satu-satunya tolak ukur kesehatan perekonomian. Rupiah di Rp17.700 terendah sepanjang masa  IHSG turun 30% dari ATH-nya,Economy,,
MANDIRI DI BULAN RAMADAN BAZNAS DAN AKSESMU PERKUAT UMKM ZMART Zmart telah membantu banyak warung UMKM di untuk lebih berdaya dan stabil secara . Semoga di,Economy,,
CEO Qualcomm Cristiano Amon berbagi bagaimana AI akan mengubah masa depan otomotif di Computex 2026.,Technology,,
Xi Jinping Janjikan 'Karpet Merah' Bagi Raksasa Teknologi AS,Technology,,
bagian ini?? halo kuro??? Saya tidak bisa berkata-kata.,Entertaiment,,
Media internasional kembali menyoroti keadaan Indonesia di bawah pemerintahan Prabowo. The Economist menilai Indonesia berada pada jalur yang berisiko  baik secara ekonomi maupun demokrasi. Melemahnya rupiah  kebijakan belanja negara dinilai terlalu agresif.,Economy,,
global sarat tidak pasti  namun dapat mewujudkan ketahanan dengan fondasi yang solid. Faktor penentunya: pemerataan  UMKM maju  & gotong royong. STRATEGI,Economy,,
Harga MacBook Neo di RI Mulai Rp 10 749 Juta,Technology,,
The Economist yang mengungkap belanja pemerintah Indonesia yang tidak masuk akal tidak boleh diabaikan hanya karena mereka didukung oleh borjuis. Faktanya adalah investasi asing tidak lagi percaya pada perekonomian dan pemerintah tidak melakukan pengendalian kerusakan.,Economy,,
Narasi bahwa daya beli masyarakat melemah ternyata tidak sepenuhnya sesuai fakta. Di tengah kritik Anies Baswedan terhadap pemerintah  data BPS justru mencatat konsumsi rumah tangga tumbuh 5 56%. Ini menunjukkan aktivitas masyarakat masih bergerak positif dan menjadi,Economy,,
Saya masih tidak percaya kami memiliki karakter yang dapat dimainkan dengan kualitas dan kebebasan seperti itu dan hal ini belum menjadi lebih baik,Entertaiment,,
"KSJDKSJDKJS Saya terhipnotis di depan adegan ini, betapa baiknya penanganan airnyaâkonyol sekali",Entertaiment,,
Di media cuman memberitakan perekonomiannya maju pesat  pendapatan negara semakin membesar dibandingkan tahunÂ² sebelumnya  TAPI DIBALIK ITU ANGGARAN BELANJA NEGARA JAUH LEBIH BESAR DIBANDINGKAN PENDAPATAN NEGARA.,Economy,,
Wujud Honor X6c  HP Rp 2 Jutaan Bawa Baterai Besar,Technology,,
Acara Web,Entertaiment,,
Prosesor Masa Depan Diprediksi Punya 512 Core,Technology,,
Bro dimana nonton acara ini,Entertaiment,,
semoga algo menghukum semua poster yang tidak jelas,Entertaiment,,
Kudengar musim 3 akan segera hadir,Entertaiment,,
jadi berapa banyak permen karet yang kamu konsumsi hari ini?,Entertaiment,,
Mengapa rencana Indonesia untuk mempertahankan ekspor komoditas terbesarnya membuat dunia usaha dan investor terguncang,Economy,,
Heboh! Donald Trump Posting Foto Bareng Alien  AI atau Nyata?,Technology,,
Ramalan Teknologi Zaman Dulu Ini Bikin Tercengang,Technology,,
Fitur Baru HP Samsung Bisa Blokir Aplikasi yang Spam Notifikasi Iklan,Technology,,
Talenta Digital ASEAN Bersaing Sengit di 10th Huawei ICT Competition,Technology,,
Apa judul film ini? Mengapa ada lingkaran Dr. Strange?,Entertaiment,,
Dr aneh melakukannya lagi,Entertaiment,,
âoh lagunya mungkin akan lembut dan sedihâ,Entertaiment,,
Saya tidak sabar menunggu penguasa misteri,Entertaiment,,
air kotor Cina,Entertaiment,,
HBO Max Indonesia  Disney Hotstar Indonesia  dan Netflix Indonesia harus lebih peka terhadap situasi perekonomian Indonesia saat ini. Dengan membuat paket berlangganan mingguan. CC:,Economy,,
Di tengah membanjirnya informasi dan kegelisahan global  ada satu ukuran ekonomi yang sering diabaikan: apakah masyarakat awam masih mampu untuk hidup layak? Karena inti stabilitas ekonomi terlihat ketika petani masih mampu membeli pupuk  maka nelayan masih bisa keluar,Economy,,
"Anggaran produksi untuk setiap episode adalah sekitar $1,4 Juta",Entertaiment,,
Liburan Panjang  Puas-puasin Movie Marathon Harga Hemat,Technology,,
Jajaran PlayStation State of Play 2026 bocor,Entertaiment,,
Dia benar-benar menipu si penipu,Entertaiment,,
Ohh jadi kita mendapatkan season 2 secepat ini?,Entertaiment,,
Seorang YouTuber Jepang menjadi viral setelah menghabiskan tiga tahun melakukan latihan One Punch Man yang terkenal dari Saitama setiap hari,Entertaiment,,
// 3.3 spoiler segue,Entertaiment,,
Adegan yang satu ini saja sudah bisa memenangkan Oscar.,Entertaiment,,
Pria Ini Rakit Komputer Setipis Kartu Kredit  Tebalnya Cuma 1 mm,Technology,,
Sebelum asal klik link atau download file  coba pahami dulu bedanya di visual berikut ini!,Technology,,
bayangkan jika setiap serial animasi meningkatkan standar seperti ini,Entertaiment,,
Gada!!!yg Ada indon tambah bobrok  punya tambang tapi di kelola ama dinasti oligarki  punya banyak partai tapi di isi oligarki culas yg kerjanya nyari proyek. Sistem demokrasi yg di agung2kan oleh pejuang reformasi gada  yg Ada sekrng jadi negara bergntung pada pajak,Economy,,
Apakah kamu suka ikan salmon?,Entertaiment,,
Ditanya kenapa sih IHSG bisa anjlok  begini singkatnya penjelasannya  namun bila update data terakhir  tak tambahin anjlok karena pidato presiden yang akan membentuk badan baru  badan Ekspor,Economy,,
Materi Kenaikan Lucy dan Rebecca,Entertaiment,,
kalian semua apa dialognya jika Anda memilih untuk tidak meletakkan kuenya,Entertaiment,,
Guys  Yanuar Rizky memberikan analogi yang menurut saya paling hits dan terasa paling relevan dengan situasi perekonomian Indonesia saat ini. Katanya pemerintah saat ini punya banyak gaya meski bangkrut dan egonya meroket. Dan analoginya super,Economy,,
VaguepostÂ®,Entertaiment,,
Itu sangat berharga,Entertaiment,,
Sejauh ini  situasi perang menunjukkan tanda-tanda bisa diselesaikan. Namun ketegangan juga muncul di tempat lain. Meski begitu  ia optimistis kondisi perekonomian Indonesia dalam kondisi baik.,Economy,,
"Maksudku, aku tidak tahu tentang episode tahun ini. Cukup yakin akhir dari rezero, atau akhir dari kursus 1 MT akan berlangsung jika bukan episode topi penyihir.",Entertaiment,,
Syarat Berat Gemini Intelligence: RAM 12GB dan Chip Flagship,Technology,,
EP1 sub bahasa Inggris,Entertaiment,,
Bro percayalah pada seluruh dunia,Entertaiment,,
TIDAK MUNGKIN DEVS INI MENAMBAHKAN EFEK SUARA FUCKASS INI KE IDLE DIA,Entertaiment,,
Lowkey menggugat Hoyoverse karena saya membuat oc ini pada tahun 2023 dan sepertinya 75% dari segala sesuatu tentangnya benar-benar sama dengan Sandrone yang dapat dimainkan,Entertaiment,,
Rupiah melemah  IHSG anjlok  dan pasar keuangan Indonesia tertekan. Meski demikian  pemerintah menyatakan fundamental perekonomian masih baik karena pertumbuhan ekonomi mencapai 5 61%. Lantas,Economy,,
"saus ASLI adalah satu potong, selamat datang para pencari saus.",Entertaiment,,
Bisakah kita berbicara tentang seni percikan karakter standar???Wuwa tidak pernah melewatkan bruh.,Entertaiment,,
aduh! ayo sedih bareng sender pagi-pagi..,Entertaiment,,
Minat investor asing terhadap Indonesia tetap tinggi meskipun dunia sedang dilanda ketegangan geopolitik dan ketidakpastian perekonomian global. âTerlepas dari situasi saat ini  perang  geopolitik global  dan geoekonomi global  ternyata kepentingan dan kepentingan mereka,Economy,,
"""Lord of Mid"" adalah nama acaranya",Entertaiment,,
Mantan Bos Google Dicemooh Saat Sebut AI di Pidato Wisuda  Kenapa?,Technology,,
Unboxing MacBook Neo: Laptop Apple Rp 10 Jutaan Warna Citrus Bikin Kepincut,Technology,,
Ini bukan musim 2,Entertaiment,,
Mereka membuat Weeping Angels di Wuwa WTF,Entertaiment,,
Data Satelit Jadi Andalan Mitigasi Bencana  Telkomsat Gaet Nara Space Korsel,Technology,,
Luar biasa,Entertaiment,,
Pertumbuhan Indonesia tertahan di kisaran 5%. Bank Dunia dan IMF pesimistis. Reformasi terhenti  SDM buruk  infrastruktur di luar Jawa buruk  birokrasi korup  kualitas investasi rendah. Mau 8% dengan ICOR tinggi,Economy,,
Tidak menyebutkan nama acara tersebut pada tahun 2026 seharusnya merupakan pelanggaran yang dapat dilarang. Orang-orang benar-benar berpikir bahwa menjaga gerbang adalah sebuah mahakarya membuat mereka istimewa.,Entertaiment,,
Khususnya di Indo: â¢ Lowongan kerja menurun drastis dibandingkan beberapa tahun terakhir. â¢ Pekerjaan pemerintah berantakan total  hanya menghambur-hamburkan dana negara untuk sektor-sektor yang tidak penting  dan pada akhirnya merugikan rakyat kecil juga. â¢ Nilai tukar rupiah sudah super lemah,Economy,,
15 Studio Anime Teratas & Animenya yang Paling Kontroversial / Dilarang,Entertaiment,,
Salah satu pertunjukan terbaik yang pernah saya lihat dalam hidup saya. Tidak ada anime saat ini yang mendekati tingkat puncak seperti ini...,Entertaiment,,
Pertunjukan apa ini,Entertaiment,,
Cara BRIN Ramal Cuaca Dulu vs Sekarang  Bakal Makin Akurat,Technology,,
benar-benar salah satu poster drama terindah yang pernah saya lihat,Entertaiment,,
Singapura kini melampaui pasar saham terbesar di Asia Tenggara  untuk pertama kalinya dalam lebih dari satu dekade.__** Kapitalisasi pasar SGX mencapai $645 miliar  sementara IHSG turun menjadi $618 miliar. -Dari sini saja kita sudah tau kemana larinya IDR kita.,Economy,,
Masuk Gedung Diminta KTP dan Foto? Ternyata Ada Risiko Keamanan Siber,Technology,,
Jenius! RTX 3070 Disulap Jadi Pakai VRAM 16GB  Kanibal dari GPU AMD ,Technology,,
"Siapa yang mengira kalau acara penutupan ""Marapthon: The Last Tale"" akan membawa kejutan semewah ini?",Entertaiment,,
Kesehatan fiskal Indonesia kuat dan aman! Menteri Keuangan menepis kekhawatiran media asing mengenai stabilitas perekonomian nasional. Dengan rasio utang terhadap PDB yang dijaga ketat di kisaran 40%  kondisi keuangan kami terbukti jauh lebih kuat dan lebih baik.,Economy,,
Keadaan ekonomi saudara ini mewakili banyak lulusan sarjana di Indonesia. Banyak dari mereka yang telah susah payah menyelesaikan kuliah namun gagal mendapatkan pekerjaan yang sesuai  dan terpaksa melakukan pekerjaan apa pun hanya untuk memenuhi kebutuhan hidup. Tak jarang  banyak juga yang kesulitan melakukannya,Economy,,
Rencana pemerintah untuk membentuk BUMN Khusus Ekspor menimbulkan kekhawatiran akan dominasi negara yang berlebihan dalam sektor perdagangan internasional.,Economy,,
Instagram Luncurkan Fitur Instants  Apa Bedanya dengan Stories?,Technology,,
Memang benar bahwa segala sesuatunya harus berdasarkan skenario terburuk juga  dan pilihan untuk menanggung kondisi tersebut nampaknya cukup sulit untuk situasi saat ini  dimana perekonomian benar-benar berada pada level yang bahkan lebih buruk dibandingkan krisis moneter 25-30 tahun yang lalu. Semoga kita,Economy,,
"Read more: Amid the weakening rupiah and IHSG correction  Finance Minister Purbaya Yudhi Sadewa speaks out regarding concerns about a crisis like 1998. He emphasized that Indonesia's current economic condition is still in a state of growth. ""We're not in 8/14150791/purbaya-pastikan-kondisi-indonesia-berbeda-dengan-krisis-1998-meski-rupiah?utm_campaign=twitter_newsplay",Economy,,
Akibat dari rasa frustasi para pengusaha. Tanya pengusaha di Negeri Konoha  70% pasti billing pemerintah buruk di semua sektor  takut memulai usaha baru  bisa bertahan saja sudah berkah. Semua indeks ekonomi memburuk namun ditolak,Economy,,
MEREKA MENGHAPUS TITIK JALAN TELEPORT,Entertaiment,,
Saya sangat menentang gagasan ini. Game ini bukan Genshin Impact dan Fractsidus bukanlah kelompok penjahat seperti Fatui.,Entertaiment,,
Fitur Baru WhatsApp: Bisa Curhat dan Bahas Hal Rahasia ke Meta AI,Technology,,
Ini mungkin salah satu anime isekai yang paling diremehkan di luar sana,Entertaiment,,
"Dengan teks bahasa Inggris, itu adalah ""Mommy hold me.""",Entertaiment,,
"""tgl 10 Juni 2026"" ""jika dijumlahkan angkanya ini benar"" ""10 Juni. Juni adalah bulan ke-6 kan?"" ""jadi jika 10+6 =17"" DAN PENONTON BERTEPUK TANGAN",Economy,,
Visual! .. Animasi..,Entertaiment,,
Tolong nama animenya?,Entertaiment,,
TREMOOOORRRRRR MAKASIH BANYAK KUROOOOOO,Entertaiment,,
Tingkat sinkronisasi Oguri sangat tinggi,Entertaiment,,
TUNGGU ACARA SAYA KEMBALI????,Entertaiment,,
Bingkai ini meneriakkan Gambar A-1,Entertaiment,,
Tempat menonton,Entertaiment,,
Klarifikasi dulu fakta di balik ambruknya IHSG beberapa hari terakhir ini karena banyak pakar plagiarisme yang senang mengkambinghitamkan kunjungan Sufmi Dasco ke BEI. Jauh sebelum itu pasar sudah berada dalam tekanan berat. MSCI menghapus 6 orang WNI,Economy,,
Galaxy Z Flip8 Kabarnya Tak Punya Penerus  Jadi HP Flip Terakhir Samsung?,Technology,,
Sobat  gajian belum tiba  nanti kalau gajian  orang-orang masih keluar belanja  ke kedai kopi,Economy,,
Kayanya Purbaya OJK dan piranti keuangan negara harus mulai jujur ââpd rakyat ttg kondisi saat ini. Krn hanya pemerintah saja yg mengatakan,Economy,,
"Gaes kalian ada yang tau Fripside? Saranin laguÂ² mereka dong selain yg jadi ost anime black bullet, to aru kagaku dan owari no seraph. Makasihhh.",Entertaiment,,
"lah gua tuh pengguna ""tab"" ini. males belanja ke wp karena udah pada sign. lg semangat ngumpulin sequence char standar",Entertaiment,,
Menteri Keuangan Purbaya langsung terbang ke Amerika untuk meluruskan keadaan. Ternyata semua itu ulah para pengkhianat bangsa yang sengaja menyebarkan kabar buruk mengenai perekonomian Indonesia. Setelah mendengar klarifikasinya Bank Dunia akhirnya paham dan resmi,Economy,,
Pertarungan terakhir musim 2 sungguh keren!,Entertaiment,,
Ingin tahu lebih detail bagaimana Pak Habibie berhasil menghidupkan kembali perekonomian Indonesia di masa krisis + perjalanan karirnya? Anda dapat membaca buku biografinya. Harganya hanya setara dengan secangkir kopi di kafe,Economy,,
Digitalisasi UMKM Kian Masif  Koneksi Internet Stabil Jadi Andalan,Technology,,
Rotasi Tim Fusion Burst Aemeath :),Entertaiment,,
Kita ngomongin tentang pemutih tybw kan??,Entertaiment,,
Sayangnya  Indonesia memiliki Presiden yang sikapnya terkesan sulit menerima masukan dan kritik dari luar lingkarannya. Situasi perekonomian saat ini sudah mulai merah. Batasannya sangat tipis sebelum krisis terjadi. Presiden harus menyadari atau didesak á¶â±á¶Ø§Ú¯ áµâ± á´°â±â¿áµâ±â¿áµ,Economy,,
S2 hanyalah orang gila. Ini tingkat film barat yang sah. Saya pasti akan berada di sana untuk donghua YKHT di masa depan,Entertaiment,,
"TEMAN-TEMAN, AKU AKHIRNYA MENDAPATKAN DIA",Entertaiment,,
"Baca Juga: Di Tengah Pelemahan Rupiah dan Koreksi IHSG  Menteri Keuangan Purbaya Yudhi Sadewa angkat bicara terkait kekhawatiran krisis seperti tahun 1998. Ia menegaskan  kondisi perekonomian Indonesia saat ini masih dalam kondisi pertumbuhan. ""Kita tidak berada di 8/14150791/purbaya-pastikan-kondisi-indonesia-berbeda-dengan-krisis-1998-meski-rupiah?utm_campaign=twitter_newsplay",Economy,,
Jika Anda ingin mengetahui keadaan perekonomian sebenarnya  jangan melihat garis kopinya. Coba lihat ini:  Rupiah di Rp17.500 terlemah sepanjang sejarah  PMI Manufaktur Indonesia di bawah 50 artinya sektor produksi terkontraksi  PHK massal di sektor tekstil elektronik,Economy,,
Saya suka hal semacam ini.,Entertaiment,,
3 HP Ultra Terbaik 2026 Sudah Resmi di RI  Kamera dan AI Juara,Technology,,
Apakah kita seharusnya tahu acara apa ini.,Entertaiment,,
Dia tertipu trik tertua dan diculik,Entertaiment,,
Sam Altman Sebut Elon Musk Gila Kontrol  OpenAI Buktinya,Technology,,
Bocoran Galaxy Z Fold8 dan Fold Wide: Upgrade Baterai dan Kamera,Technology,,
Sejauh ini saya berada di volume 5 novel dan izinkan saya memberi tahu bahwa musim 2 akan menjadi musim terbaik,Entertaiment,,
Teknik pengecatan kulit terungkap,Entertaiment,,
Banyak yang baru sadar setelah kejadian. HP lemot  akun kena hack,Technology,,
Bisakah saya memiliki ini sebagai wallpaper PC?,Entertaiment,,
"Ini bagus buat ngumpulin coral dibanding di senjata, barangkali ada yg tipe senjata harus sign jadi mending gacha ini",Entertaiment,,
Lebih Murah! Ini Harga AirTag 2 Paket 4 Pack di Indonesia,Technology,,
Di COMPUTEX 2026  SK hynix menghadirkan produk-produk memori AI utama yang mendukung platform NVIDIA.,Technology,,
Mulai dari perangkat keras terbaru hingga kolaborasi eksklusif yang menakjubkan  MSI menampilkan perlengkapan gaming terkini.,Technology,,
selang waktu satu menit!,Entertaiment,,
Google Ubah Android Jadi 'Agen' AI yang Bisa Bertindak Sendiri,Technology,,
Animasi sangkar Ling sepenuhnya ada di Tiongkok.,Entertaiment,,
sudah di singgung  pemerintah gak pingin kita jadi negara kaya penghasil  pencipta  karena mereka semua rangkap pengusaha importir  biaya pencari dan selisih harga impor. Bajingan,Economy,,
Pulau Kue Utuh,Entertaiment,,
Teroris Rekrut Anak Lewat Chat Game  Ini yang Mesti Dilakukan Ortu,Technology,,
Ini gila! Visualnya benar-benar menakjubkan!,Entertaiment,,
ketika iShowSpeed âââditangkapâ dan juru kameranya duduk di kursi belakang bersamanya,Entertaiment,,
Sepertinya saya menemukan sesuatu yang baru untuk ditonton,Entertaiment,,
Apple Umumkan Fitur Aksesibilitas Baru Berbasis AI,Technology,,
Musim apa ini? Kalau saya telusuri season pertama tayang tahun 2019 dan season terakhir tahun 2025.,Entertaiment,,
Mahasiswa RI Juarai Kompetisi Apple  Bongkar Pelacakan Rahasia Internet,Technology,,
Tidak akan menjadi 5 teratas di rezero s4,Entertaiment,,
Jadwal MPL ID S17 Week 8 Hari Ini: Dewa United Esports Vs Onic,Technology,,
Dang ini terlihat seperti api,Entertaiment,,
apakah musim 2 ini akan datang?,Entertaiment,,
Ini kalau gak bisa rebound sih emang permasalahannya pada pemerintah kita sendiri  gak bisa membangun kepercayaan. Bikin kebijakan seenak udel dan ngomong didepan masyarakat juga seenak udel. Masa bursa asia pada ijo kita sendiri yg terkapar?,Economy,,
Nama?,Entertaiment,,
Bulan Terus Menjauh dari Bumi  Bahaya Nggak Nih?,Technology,,
Dengan kecepatan yang sama dengan pesawatâ¦,Entertaiment,,
Namanya?,Entertaiment,,
Peringatan dari S&P Global menunjukkan betapa besarnya pengaruh lembaga keuangan global terhadap negara berkembang seperti Indonesia. Ancaman penurunan rating atau pandangan negatif saja sudah cukup untuk menekan rupiah  mengguncang pasar  dan mempengaruhi kepercayaan investor,Economy,,
"ANIME TV Drama Fantasi Baru ""Apakah Anda Ingin Menjadi Tanuki?"" PENGUNGKAPAN TEASER",Entertaiment,,
Supermicro baru saja meluncurkan platform server generasi berikutnya yang dioptimalkan untuk prosesor @intel ® Xeon® 6+ yang baru.,Technology,,
sepertinya mesinnya tidak nyata haha,Entertaiment,,
Usai Batasi Usia   Komdigi Akan Wajibkan Akun Medsos Pakai Nomor HP,Technology,,
bobot adegan ini tidak nyata. Reaksi Sakura dan Kakashi terhadap kematian Naruto sangat mengejutkan.,Entertaiment,,
"Anda membuat nama Anda terlalu tidak jelas, Tuan",Entertaiment,,
Sudah waktunya untuk mengakui bahwa Donghua secara resmi mengungguli Anime modern dalam hal arahan seni. MAPPA dan Ufotable akhirnya bersaing secara nyata.,Entertaiment,,
yo apakah ini bagus,Entertaiment,,
Episode khusus,Entertaiment,,
EPISODE TAHUN INI?,Entertaiment,,
"Zenitsu menggunakan teknik Hinokami Tanjiro dan memadukannya dengan pernapasan gunturnya untuk menciptakan bentuk ketujuh yang baru, Sungguh Gila!",Entertaiment,,
aku sih soalny ga perlu wp standard,Entertaiment,,
"Apa nama acaranya, di mana menontonnya di India dan apakah ini dalam bahasa Inggris atau dengan subtitle",Entertaiment,,
Baca Juga: Selama 34 Tahun  Dugaan Praktik Under Invoice Disebut-sebut merugikan negara hingga Rp 15.400 triliun. Temuan ini menjadi salah satu alasan pemerintah mendirikan PT Danantara Sumberdaya Indonesia (PT DSI). CEO Danantara Rosan 1/160638426/bos-danantara-bumn-baru-cegah-under-faktur-janji-transparan?utm_campaign=twitter_newsplay,Economy,,
Tahun ini lebih dari sekadar acara tahunan besar bagi industri teknologi. Ini juga merupakan peringatan 10 tahun yang monumental dari seri ASRock Taichi!,Technology,,
Microsoft Mau Bangun Data Center  Presiden Ketar-ketir,Technology,,
bukan ini saya.......,Entertaiment,,
Ohh jadi kita mendapatkan season 2 secepat ini?,Entertaiment,,
Penarikan Terbatas F2P Tahunan,Entertaiment,,
Tapi saya tidak tahu mengapa Donghua di luar Tiongkok ini diremehkan.,Entertaiment,,
Bank menaikkan suku bunga sebesar 50bps menjadi 5 0.25  yang merupakan langkah terbesar dalam beberapa tahun terakhir. Tapi apakah itu cukup untuk mempertahankan Rupiah? Peringatan Spoiler: Kurang tepat! Solusi moneter tidak dapat menyelesaikan masalah kredibilitas fiskal dan ketidakpercayaan terhadap arah kebijakan pemerintah. Sekarang BI sudah cukup,Economy,,
Perbanding iPhone 17e vs 16e: Serupa Tapi Ada Bedanya  Perlu Upgrade?,Technology,,
Nama pembawa acara,Entertaiment,,
Apa betul wahai penduduk asli Solaris WuWa! ???,Entertaiment,,
"Rupiah tembus Rp17.700. Cadangan devisa makin tipis. Pengangguran tertinggi se-ASEAN. Namun pejabat kita masih dengan santai mengatakan: ""Fundamental kita kuat."" Yuk kita cek benaran pakai angka bukan basa-basi. Pertama  ""fundamental"" itu sebenernya",Economy,,
omong kosong ini benar-benar terlihat puncak bro!!,Entertaiment,,
Platform apa itu?,Entertaiment,,
Mantan Rekan Kerja Bilang Omongan Sam Altman Tak Bisa Dipegang,Technology,,
Data OpenAI Dibobol Hacker  Bagaimana Nasib Pengguna ChatGPT?,Technology,,
Samsung Buka Pendaftaran One UI 9 Beta  Ini HP yang Bisa Jajal,Technology,,
Aduh! Ini beneran weaponnya phrolo bisa jadi senjata alternatif buat denia?,Entertaiment,,
Pertama di RI  Fitur Diabetes Risk Study Hadir di HUAWEI Watch Fit 5,Technology,,
Baru tadi pagi digoreng narasi 'Rupiah stabil'  sore ini langsung loyo lagi ke Rp17.667. BI sudah berkorban naikkan bunga ke 5 25% demi nahan modal kabur  tapi langsung rusak sama sentimen negatif pasar yang ngeri liat aturan monopoli ekspor BUMN. Kebijakan sektoral ugal-ugalan,Economy,,
PV Karakter Irene Dirilis,Entertaiment,,
'Gerbang Internet' di Wamena Bikin Internet Papua Pegunungan Stabil,Technology,,
disiplin kebijakan fiskal selama lebih dari 2 dekade (defisit anggaran dibatasi sebesar 3% - Anda lihat India dapat mengalami defisit anggaran sebesar 7-8% dari PDB jika digabungkan antara federal + negara bagian) merupakan penyangga yang sangat besar bagi pemerintahan ini. Jadi menurut saya akan tetap maju secara ekonomi,Economy,,
Saat Anies Baswedan menyebut daya beli masyarakat melemah  data BPS justru mencatat konsumsi rumah tangga tumbuh 5 56%. Kritik boleh  tapi tetap harus berdasarkan fakta yang utuh dan obyektif.,Economy,,
"Jujur saja, gambar diam selalu terlihat lebih baik daripada gerakan sebenarnya. Apakah ini benar-benar puncak atau sekadar screensaver beranggaran besar?",Entertaiment,,
RI Kini Satu Circle dengan Raksasa Prakiraan Cuaca Dunia,Technology,,
"ANIME TV Drama Fantasi Baru ""Apakah Anda Ingin Menjadi Tanuki?"" PENGUNGKAPAN TEASER",Entertaiment,,
"Jika Anda tidak mencantumkan nama di postingan Anda, Anda sedang bertani pertunangan",Entertaiment,,
Seiring dengan perubahan lanskap komputasi yang dipengaruhi oleh AI berbasis agen  Rene akan berbagi mengapa Arm berada di pusat perubahan ini.,Technology,,
pekerjaan rumah yang paling laki-laki dilakuin apa?,Entertaiment,,
Satu bulan untuk ujianku juga,Entertaiment,,
Saya yakin itu Penguasa Misteri. Saya menonton episode pertama dan tidak dapat melanjutkan.,Entertaiment,,
Di #COMPUTEX2026  @SKhynix memamerkan inovasi yang mendorong era komputasi AI berikutnya.,Technology,,
Kredit bermasalah hanya berkisar 2%  dan permodalan perbankan (CAR) kuat di atas 25%. Bank kami memiliki benteng yang kokoh. 5 Pernafasan Perekonomian Masih Panjang. Ingat '98? Perekonomian kita mengalami kontraksi hingga -13% dan inflasi menjadi sangat gila  melonjak hingga di atas 77%! Harga dari,Economy,,
Harga MacBook Neo RI Bikin Kaget  Lebih Murah dari Singapura & Malaysia,Technology,,
Elon Musk & Komisi Sekuritas AS Diduga Main Mata Senilai USD 1 5 Juta,Technology,,
Seorang pria memotret matahari dari tempat yang samaâ¦ pada waktu yang samaâ¦ selama 3 tahun dan membuat video yang luar biasa ini.,Entertaiment,,
Viral UFO di Natuna  Mirip Objek Misterius di Rekaman Pentagon,Technology,,
Menteri Keuangan Purbaya Yudhi Sadewa menanggapi anjloknya Indeks Harga Saham Gangguan (IHSG) ke level 6.100 setelah pemerintah mengumumkan kebijakan ekspor baru di sektor sumber daya alam (SDA). Pemerintah akan mewajibkan ekspor tiga komoditas utama SDA yakni kepala sawit batu,Economy,,
Tidak Sedang Runtuh  Sedang Diuji Oleh: Abdullah Rasyid Mahasiswa Doktoral Ilmu Pemerintahan IPDN Dolar boleh naik. Dunia boleh bergejolak. Tetapi tidak sedang berdiri di titik rapuh seperti tahun 1998. Kita harus jujur ââââmelihatnya,Economy,,
sayang! cw // spoiler pencarian archon,Entertaiment,,
Perekonomian sedang runtuh. Tidak ada investor  PHK massal karena pabrik mangkrak dan tidak mampu membeli bahan baku produksi  tidak mampu mengimpor pangan sehingga krisis pangan  kelaparan  kemiskinan,Economy,,
Memposting acara secara tidak jelas dan tidak pernah memberikan judul berarti akun langsung dibungkam. Perlambatan pekerjaan yang bagus!,Entertaiment,,
iPhone 16 Pro Max Kirana Larasati Ikut Diving 150 Meter  Begini Nasibnya,Technology,,
anime 3d. Tidak akan melewatkan.,Entertaiment,,
Kalo benar begini berarti ada permainan antar petinggi bumn penguasa listrik ini di Sumatra uda padam dari minggu2 lalu sampai sekarang ini pulau Jawa mulai juga.. Bayangin aja kalau indonesia seluruhnya mobil listrik apa ga lumpuh ekonomi kita karena disarankan pakai mobil ev,Economy,,
Intel Kabarnya Mulai Produksi Chip iPhone,Technology,,
musim baru?,Entertaiment,,
"Kalau dipikir-pikir, ketika Anda menyadari Gojo melakukan ini, itu gila bukan? Tanpa Kekosongan Tanpa Batas itu, Anda tidak akan bisa menang melawan hal seperti ini, tidak mungkin.",Entertaiment,,
TIDAK MUNGKIN DEVS INI MENAMBAHKAN EFEK SUARA FUCKASS INI KE IDLE DIA,Entertaiment,,
Saya sangat ingin tahu berapa anggaran untuk setiap episodenya,Entertaiment,,
mau jadi anak bos tambang yang kalo pindahan mau ngekos gausah bw barag banyak karena tinggal beli disana aja meski lebih mahal jd litereli bawa baju aja,Economy,,
Semuanya keluar dari dunia ini. Aku membuat Anda bertanya-tanya,Entertaiment,,
"Berantemlah Bennix vs Reinald K  rakyat nonton saja. Bursa terkoreksi serius   nilai tukar Rupiah terus melepem. Saat ini jelas berbeda dengan tahun 1998 sebab andalan ekspor hanya SDA  utang BUMN sudah melonjaki ambang kebangkrutan.1998 BUMN 100% milik negara. Rupiah anjlok disebut âstrategiâ. Itu sama kayak orang kelaparan karena gak punya duit  tapi gengsi terus bilang: ""Gua lagi strategi diet ketat kok",Economy,,
Sayangnya  Indonesia memiliki Presiden yang sikapnya terkesan sulit menerima masukan dan kritik dari luar lingkarannya. Situasi perekonomian saat ini sudah mulai merah. Batasannya sangat tipis sebelum krisis terjadi. Presiden harus menyadari atau didesak Dari á¶â±á¶Ø§Ú¯ áµâ± á´°â±â¿áµâ±â¿áµ,Economy,,
Omong kosong belaka videoin biar narik pelanggan...huiii..preeetttt... dibohongin truz ya rakyat kecil padahal aslinya negara ini kaya raya dan tiap penduduknya bisa mendapat penghasilan 2jt/BLN  meskipun TDK kerja. Ini rezim busuk dan bau. Semua hanya omong kosong.,Economy,,
Di mana kita bisa menonton ini,Entertaiment,,
Apa Saja 5 Keunggulan Telkomsel 5G Powered by AI? Simak di Sini!,Technology,,
Tahun Depan  Indonesia Luncurkan Dua Satelit Buatan Anak Bangsa,Technology,,
Apakah itu film?,Entertaiment,,
Pemutih belum keluar,Entertaiment,,
Twitter benar-benar memberi tahu saya bahwa game ini adalah game mid-slop yang tidak boleh saya mainkan dan itu sangat menyenangkan & keren,Entertaiment,,
Senang melihat tren 'postingan samar' masih hidup dan sehat.,Entertaiment,,
Apa yang kami sebut genre karakter ini,Entertaiment,,
Apa acaranya?,Entertaiment,,
dia benar-benar menjadi ibunya.,Entertaiment,,
Dimana kita bisa nonton anime donghua di website atau channel telegram mana saja,Entertaiment,,
Spesifikasi Garmin Forerunner 70 dan 170  Buat Pelari Pemula,Technology,,
"Sialan! Ya, aku akan menonton ini",Entertaiment,,
Ayo ambil!!! Tidak sabar menunggu cerita si Bodoh.,Entertaiment,,
Teh! Eh kok jumlahnya sama,Entertaiment,,
SAYA HIPERVENTILASI DENGAN HYPE,Entertaiment,,
5G Bukan Lagi Teknologi 'Orang IT'  Kini Dekat dengan Aktivitas Harian,Technology,,
"Kepala Studio Ufotable telah membuat pernyataan berani yang mengatakan ""Ai tidak akan pernah bisa menciptakan kembali apa yang kita lakukan"".",Entertaiment,,
"Lucu sekali bagaimana semua orang memposting hal-hal seperti ""ini adalah episode atau acara terbaik"" atau apa pun itu. Kemudian semua orang setuju tetapi tidak ada yang menyebutkan pertunjukan sebenarnya.",Entertaiment,,
Film (serial) jenis apa?,Entertaiment,,
Saya sangat setuju! Visualnya sungguh menakjubkan!,Entertaiment,,
Kompilasi video kecepatan 4x dari sesi gacha 480 tarikan ini akan saya simpan sebagai kenang-kenangan untuk diri saya sendiri.,Entertaiment,,
Sangkar Ling bagus,Entertaiment,,
Pemberitahuan Pembakaran?,Entertaiment,,
Film sinematik,Entertaiment,,
jelaskan ini?,Entertaiment,,
WhatsApp Web Down   Malah Muncul Facebook Bikin Netizen Heboh,Technology,,
Jamin Prediksi Cuaca Makin Akurat di Indonesia  Ini Sumber Data BRIN,Technology,,
Udah diganti sama AI flop kayak gini soalnya,Entertaiment,,
Aduh! SEKALI LAGI SENDER MEMOHON KURO UNTUK MENGEMBALIKAN STRINGMASTER AAAAAAA SENDER BUTUH STRINGMASTER ARHAKJSHKD,Entertaiment,,
Ya tolong jangan tambahkan judul film/acara,Entertaiment,,
Ryuk terlalu OP hahahahahahahaha,Entertaiment,,
Kami sedang membangun Pangkalan Bulan!,Entertaiment,,
Anime apa.,Entertaiment,,
ini game atau film?,Entertaiment,,
Urusan Foto Deepfake Lingerie yang Ditanggapi Santai PM Italia,Technology,,
Bitcoin Senilai Rp 6 4 Miliar Selamat Berkat AI Claude,Technology,,
Apakah kalian siap untuk apa yang akan datang??!! Sampai jumpa di COMPUTEX 2026!!,Technology,,
"Oooo aku menontonnya, PEAK show.. Aku baru di ep 3 tapi aku terkunci!",Entertaiment,,
"Astaga, berita ini membuatku marah. Mereka melewatkan sebagian besar musim 1 dan sekarang mereka membuat episode khusus seolah memperbaiki segalanya? Mustahil. Animasinya terlihat murahan dan ceritanya terasa terburu-buru. Buku LOTM jauh lebih baik. Ini hanya perampasan uang tunai untuk penggemar. Saya tidak menontonnya.",Entertaiment,,
Xiaomi 17T Series Dipastikan Rilis Akhir Mei  Speknya Gahar,Technology,,
Apple Bocorkan Agenda WWDC 2026   Ada Gebrakan AI Baru?,Technology,,
Di mana saya bisa menontonnya,Entertaiment,,
Keadilan untuk Kapten Dunn!,Entertaiment,,
Bro tidak hanya menghindari serangannyaâ¦ dia juga menghindari percikan darah,Entertaiment,,
"Saya benar-benar tidak dapat mengetahui nama filmnya hanya dengan melihatnya, tetapi sinematografinya sangat mengesankan",Entertaiment,,
DJI Pamer Osmo Pocket 4P di Festival Film Cannes,Technology,,
Normalisasikan penyebutan nama acara di postingan. Umpan sialan,Entertaiment,,
"Sutradara 'Re:Zero' Masaharu Watanabe baru-baru ini mengatakan bahwa Episode Tersulit yang dia kerjakan adalah EP 15 yang mengklarifikasi bahwa dia menghabiskan begitu banyak waktu untuk fokus pada cara menggambarkan ""kegilaan"".",Entertaiment,,
Apple Ingin Ganti Aluminium iPhone Pro  Pakai Titanium Lagi?,Technology,,
Ling sangkar favoritku,Entertaiment,,
Dengan kecepatan yang sama dengan pesawatâ¦,Entertaiment,,
Ngeri! Dua Jet Tempur Angkatan Laut AS Bertabrakan di Udara,Technology,,
Animasi tahun 2026. Berapa umurmu nak?,Entertaiment,,
Fundamental perekonomian Indonesia saat ini jauh lebih kuat dibandingkan krisis-krisis sebelumnya. Dengan cadangan devisa yang memadai dan inflasi yang terkendali  pemerintah dan Bank Indonesia memiliki instrumen yang memadai untuk menjaga stabilitas pasar.,Economy,,
Isekai Tingkat Atas akan hadir kembali pada Juli 2026,Entertaiment,,
Fundamentalnya masih terlihat kuat  meski rapuh. Bila belanja pemerintah dinormalkan  maka pertumbuhan Q1 masih di 4 86%. Belum resesif  apalagi 2 kuartal. Masih surplus exim,Economy,,
Tidak ada kata-kata untuk memberi kami judul sialan itu juga,Entertaiment,,
Kritik yang disampaikan sejalan dengan situasi perekonomian Indonesia saat ini.,Economy,,
TUHAN MISTERI,Entertaiment,,
Honor Janjikan Harga X7d Bakal Stabil,Technology,,
Spotify Rilis Party of the Year(s)  Fitur Ala Wrapped untuk Kilas Balik dari Awal,Technology,,
Kejutan 50 bps kenaikan suku bunga menandakan kecenderungan hawkish terhadap pertahanan mata uang,Economy,,
663 Saham Anjlok ke Level Terendah IHSG Ditutup Turun 3 54 Persen ke 6.094,Economy,,
Saat ini Indonesia sedang mengalami KEJADIAN EKONOMI  dan para pemimpinnya dengan percaya diri mengutarakan OPTIMISME PALSU. Maksudku  ayolahâ¦,Economy,,
5 Alasan iPhone 17e Rp 13 Jutaan Layak Dibeli Tahun Ini,Technology,,
AI Kamera Sony Xperia 1 VIII Jadi Bahan Meme Kocak Netizen,Technology,,
dia benar-benar menjadi ibunya.,Entertaiment,,
di mana saya bisa menonton acara ini,Entertaiment,,
"Percayalah, ini pertunjukan puncak. Baca novelnya puncak banget",Entertaiment,, 
Selamat pagi warga negara Indonesia. Bangun tidur lalu mengecek berita: - Harga bahan bakar naik - RUU Polri telah disahkan - Rupiah melemah Siapkan dana darurat dan kurangi pengeluaran impulsif teman-teman. Situasi mungkin akan semakin memburuk di kemudian hari.,Economy,,
Bandingkan dengan Indonesia: Pertumbuhan kita hanya ilusi karena didorong oleh belanja pemerintah (APBN) dan bukan ekspor manufaktur. Ketika Rupiah melemah hingga Rp17.700  kita akan segera menghadapi pendarahan fiskal karena industri dalam negeri sangat bergantung pada bahan baku impor.,Economy,,
Tak sabar menunggu,Entertaiment,,
bro akhirnya nonton. musim 2 terutama menjadi kelas atas yang gila,Entertaiment,,
"Sebagai pemula yang lebih mengutamakan karakter daripada senjata, memang menyenangkan. Saya suka perjudian dan kejutan",Entertaiment,,
Bandar Antariksa Biak Diklaim Lebih Strategis dari Cape Canaveral,Technology,,
IHSG melemah di tengah masih tingginya tekanan di pasar global. Ketidakpastian perekonomian global  ketegangan geopolitik  dan arah suku bunga global telah menyebabkan banyak investor mengambil pendekatan yang lebih hati-hati.,Economy,,
"Masahiro Itosugi, author di balik seri terkenal ini baru saja membagikan kabar kalau akun Google pribadinya resmi diterima permanen. Penyebabnya? Hanya karena dia bermaksud mengarsipkan file manga lamanya ke dalam Google Drive!",Entertaiment,,
Saya perlu menonton ulang season 1,Entertaiment,,
"Ya, Ling Cage benar-benar salah satu acara animasi fiksi ilmiah terbaik yang pernah dibuat.",Entertaiment,,
Apa acaranya?,Entertaiment,,
PERBANDINGAN SERANGAN BIAYA SANDRONE & NEUVI,Entertaiment,,
Belum lagi kenaikan suku bunganya. Saat IHSG sedang jelek Bank harus menaikkan suku bunga menjadi kurang lebih 5%. Sepanjang hidup kamu bekerja hanya untuk membayar cicilan berbunga ganda.,Economy,,
Akhir dari Episode 6 adalah hal paling emosional dan menyentuh yang pernah saya lihat selama bertahun-tahun. Pertunjukan ini benar-benar menetapkan standar baru bagi saya.,Entertaiment,,
"Hoyoverse benar-benar memberi kami konsep paling keren untuk pertarungan Pulonia, pukulan jarak dekat, rudal pelacak, dan sinar laser, hanya untuk menghapusnya",Entertaiment,,
Banyak yang mengira streaming ilegal lewat Telegram lebih aman dibanding website. Padahal  keduanya tetap punya risiko yang nggak bisa dianggap sepele.,Technology,,
"Saya akan menontonnya dari awal lagi, saya membatalkannya setelah episode 3. Saya suka menonton pesta.",Entertaiment,,
Seorang pemain CN menata ulang Himeko Nova dengan desain Vermilion Knight,Entertaiment,,
Penguasa misteri??,Entertaiment,,
Sony Xperia 1 VIII Meluncur  Bawa Desain Baru dan Kamera AI,Technology,,
"Pertama Najwa bertanya kepada Prabowo ""Bagaimana Anda akan menangani korupsi jika terpilih sebagai presiden?"" Kemudian Prabowo menjawab ""Saya akan menaikkan gaji para pejabat karena para pejabat yang korup melakukannya karena gaji mereka terlalu rendah."" Dari situ saya berpikir ohh ada yang salah dengan orang ini. Dia dan para pemilihnya memiliki logika yang tidak masuk akal.",Economy,,
Pastinya salah satu donghua terbaik yang pernah saya tonton dengan senang hati. Puncak Mutlak.,Entertaiment,,
"Pastinya tonton dalam bahasa Inggris, saya orang Tionghoa dan membuat saya pusing menonton pidato bahasa Mandarin dan subtitle bahasa Inggris. Hanya di episode 1 animasinya cukup menegangkan untuk ditonton terlalu kacau dan penggunaan pencahayaan yang buruk...dll. Saya akan menonton lagi untuk melihat apakah menjadi lebih baik.",Entertaiment,,
Pertumbuhan ekonomi secara luas dianggap dangkal  sebagian besar didorong oleh belanja sosial dan konsumsi musiman dibandingkan dengan investasi padat modal. Akibatnya  perekonomian tidak memiliki jangkar yang cukup kuat untuk menahan meningkatnya spekulasi valuta asing.,Economy,,
â Menteri Keuangan (Menkeu) Purbaya Yudhi Sadewa mengadu ke Presiden Prabowo Subianto. Bahwa ada ekonom yang aneh-aneh ngomong mau resesif. Padahal menurut dia  kondisi ekonomi nasional kita di atas rata-rata global,Economy,,
"Saat ini perekonomian kita masih tumbuh positif sebesar 5 61% dan inflasi sangat terkendali sebesar 2 41%. Daya beli kita di akar rumput masih terjaga. ""Dompet"" Negara Jauh  Tahun '98  Bank Indonesia Mundur Karena Devisa",Economy,,
Apakah acara ini memiliki versi sulih suara bahasa Inggris,Entertaiment,,
Penguasa misteri kan?,Entertaiment,,
Anime apa?,Entertaiment,,
Tak disangka seorang pengembara bisa melakukan hal seperti ini...,Entertaiment,,
Melemahnya IHSG menjadi bagian dari dinamika pasar global yang masih diwarnai ketidakpastian. Investor cenderung mengambil langkah hati-hati di tengah berbagai faktor eksternal seperti perlambatan ekonomi global dan volatilitas pasar internasional. Situasi ini menunjukkan,Economy,,
Profesor Ryuk telah menjadi karakter terkuat.,Entertaiment,,
Ohh jadi kita mendapatkan season 2 secepat ini?,Entertaiment,,
Visualnya luar biasa,Entertaiment,,
"Tentu saja, jangan mencantumkan nama di judulnya jadi orang HARUS mengklik postingan untuk bertani pertunangan....sialan",Entertaiment,,
Teknologi Pelacak Bus Haji Pantau Jemaah Indonesia 24 Jam,Technology,,
Akhir cerita terbaru Wuthering Waves,Entertaiment,,
SAP Autonomous Enterprise: Kolaborasi Manusia dan Agen AI di Dunia Bisnis,Technology,,
Sumpah muak bgt liat kelakuan presiden dan kabinetnya   dpr ga guno pisan  Market remuk   apa apa naik   sumpah serapah dari 283 juta penduduk indo buat pemerintahan saat ini.,Economy,,
Linknet Garap CCTV Berbasis AI di Kawasan Industri EJIP,Technology,,
Hoax dan Deepfake Jadi Ancaman Baru Ketahanan Nasional,Technology,,
Saya sebenarnya membuat kentang goreng dari trailer Denia,Entertaiment,,
Indonesia di ambang krisis ekonomi akibat kebijakan sembrono Pemerintahan Prabowo di ambang kebangkrutan. Namun situasi ini tetap tidak membuat Prabowo menyadari kesalahannya,Economy,,
Ini animasi yang luar biasa?,Entertaiment,,
"Pengungkapan wajah terbesar sepanjang masa, secara harfiah tidak tahu apakah itu karena rasa takut atau kasihan",Entertaiment,,
APINDO optimis tumbuh sampai 5 0.04  yuk sambut masa depan cerah!,Economy,,
YOOOO AKU PERASAAN INI ADALAH LING CAGE,Entertaiment,,
âPertumbuhan kuartal I-2026 menembus 5 61%!â Di atas kertas  angka ini adalah sinyal optimisme. Tapi di dunia nyata  jutaan kelas menengah justru harus menghitung ulang isi dompet mereka setiap pagi.,Economy,,
Video Samsung Tanggapi Gugatan Dua Lipa Senilai Rp263 Miliar,Technology,,
Purbaya Yudhi Sadewa menilai kritik The Economist harus dilihat secara objektif. Indonesia disebut masih memiliki ketahanan ekonomi yang kuat  pasar domestik yang besar  dan peluang pertumbuhan yang menjanjikan dibandingkan banyak negara Eropa.,Economy,,
dalam game cutscene menjadi lebih baik setiap patch saya sangat suka betapa ekspresifnya karakter akhir-akhir ini,Entertaiment,,
Semua karakter KV dari Kimetsu terinspirasi oleh sampul manga,Entertaiment,,
Gak sabar nunggu mahn Episode Spesialnya..,Entertaiment,,
Apakah ini seperti cerita linier atau setiap episodenya berbeda-beda seperti di Black Mirror,Entertaiment,,
The Boys resmi berakhir setelah 7 tahun.,Entertaiment,,
"Video musik Dungeon Fighter Online ""Pilih Racun Anda"".",Entertaiment,,
Apakah ini animenya??,Entertaiment,,
Pertunjukan apa ini,Entertaiment,,
Coba tonton dalam dubbing bahasa Inggris,Entertaiment,,
Yo anime apa ini?,Entertaiment,,
Cobalah cerita tentang menggiring dewa setelahnya. Tim animasi menjadi gila,Entertaiment,,
3.4 Paket baru: Pilihan Karakter / Paket Rantai Resonansi,Entertaiment,,
Tidak tertarik sampai jap dub.,Entertaiment,,
Kok bisa dia Segede ini,Entertaiment,,
TEMAN-TEMAN... SAYA BARU TAHU,Entertaiment,,
Pertunjukan yang mana itu!?????,Entertaiment,,
KRIMINAL DIREMEHKAN adalah istilah yang saya gunakan saat mendeskripsikan pertunjukan! Ini PUNCAK! Bioskop murni!,Entertaiment,,
Gambar terlihat bagus,Entertaiment,,
Penguasa Misteri,Entertaiment,,
Kata Siapa Minyak Bumi dari Fosil Dino  Ilmuwan Tak Bilang Begitu,Technology,,
Jika saat ini 95% orang percaya kinerja pemerintah jelek melihat rupiah yg terus menerus melemah  maka dr 5% nya ada gw yang percaya presiden sedang berjuang mempertahankan kedaulatan negara. Jika melihat pola yang terstruktur  sistematis dan masif tentu bisa,Economy,,
Bukankah season 2 hanya keluar pada tahun 2027?,Entertaiment,,
Pameran Ekosistem NVIDIA AI Factory MGX di #COMPUTEX2026 memiliki jawabannya.,Technology,,
Seri apa ini?,Entertaiment,,
Pertunjukan tingkat atas,Entertaiment,,
Senjata Laser Makin Menjamur di Timur Tengah  Ini Alasannya,Technology,,
Membantah pengamat yg sarat pesan sponsor yg mengatakan akan tamat jika nilai tukar rupiah jatuh ke 22 rb dan harga minyak dunia tembus 200 USD per barel Krn belum pada level resesi apalagi krisis,Economy,,
Bisakah kita berbicara tentang seni percikan karakter standar???Wuwa tidak pernah melewatkan bruh.,Entertaiment,,
Menteri Koordinator (Menko) Bidang Perekonomian Airlangga Hartarto mengungkapkan pemerintah tengah mematangkan berbagai aturan jelang pemberlakuan kebijakan Devisa Hasil Ekspor (DHE) yang mulai berlaku pada 1 Juni 2026.,Economy,,
"Nemu bapak ini di fesnuk lagi menjual soft copy materi pembelajaran bahasa Jepang yang beliau susun. Aseli nyata guru bahasa Jepang, karena beliau membuka les juga. Siapa pun yang butuh kontak tau, bisa langsung bapaknya atau mampir ke fesnuknya beliau",Entertaiment,,
15 Studio Anime Teratas & Animenya yang Paling Kontroversial / Dilarang,Entertaiment,,
Dasco datang  IHSG tumbang. Apakah itu dalangnya? Berhenti. Ini cocoklogi kelas penerimaan. Fakta waktu Rombongan Dasco dan Danantara baru tiba di BEI jam 10.27 WIB. Sementara IHSG sudah ambrol ke 6.565 sejak pasar buka. Biang keroknya jelas: - Rebalancing MSCI & FTSE coret belasan,Economy,,
yup tidak ada jalan keluarnya  perekonomian indonesia sudah rapuh dan hampir kolaps. mereka terlalu optimis  ketika itu runtuh!,Economy,,
Penguasa Misteri,Entertaiment,,
Pembacaan situasi perekonomian mengenai bahaya tekanan fiskal dan semakin sempitnya ruang gerak negara telah divalidasi oleh analisis majalah terkemuka Inggris  The Economist. Outlet media tersebut memperingatkan pembelanjaan yang terlalu agresif,Economy,,
Nama dan di mana saya bisa menonton donghua dalam kualitas tinggi.,Entertaiment,,
"Buat yg ngumpulin coral mungkin di pullnya di situ, kalo aku tetep di wp std si biar r5 eog sama static mist.",Entertaiment,,
Presiden Prabowo Subianto menyoroti global. Menurut Prabowo di tengah kebijakan tarif dari Presiden AS Donald Trump kepada banyak negara membuat,Economy,,
Anda pernah ke Blackreach?,Entertaiment,,
"sejumlah teman yang nonton naruto juga pernah menyebut desa kelahiranku di magelang ini sebagai negeri kirigakure. kalau pas musim hujan, kabut tebal gini bisa bertahan seharian. suhu pagi 14 derajat, malam kira-kira 20 derajat.",Entertaiment,,
â¢ Perekonomian kita buruk â¢ Daya beli menurun â¢ Rupiah anjlok â¢ Utang menumpuk â¢ Pengangguran merajalela â¢ Korupsi merajalela â¢ Kemiskinan terus menurun (turun ke cucu!) â¢ Investor lari,Economy,,
Apa itu dan di mana saya bisa menontonnya,Entertaiment,,
âsetiap episode terasa sinematikâ sementara Hollywood menghabiskan anggaran 4x lipatnya untuk membuat sampah,Entertaiment,,
"Sah, acara ini tidak mendapat cukup sensasi.",Entertaiment,,
Kesimpulannya  perekonomian Indonesia belum tentu memasuki krisis  namun jelas memasuki fase hati-hati. Pemerintah melihat fundamental makroekonomi tetap kuat. Namun  pasar dan beberapa ekonom membaca sinyal bahaya dari rupiah,Economy,,
Setiap frame tampak seperti milik layar bioskop. Visualnya tidak nyata.,Entertaiment,,
Ada apa dengan perekonomian Indonesia? Apakah hanya di Indonesia yang perekonomiannya seperti ini? Atau global juga  semua orang mengalaminya? Saya sedang mengalami penurunan omzet ekonomi separah ini. Setiap kali saya pergi ke mana pun  saya mendengar orang mengeluh tentang hal yang sama dengan,Economy,,
WIT STUDIO DIMASAK DENGAN ANIMASI INI.,Entertaiment,,
Visual! .. Animasi..,Entertaiment,,
Meta Latih AI Pakai Gerak-gerik Karyawan  Bikin Suasana Tak Nyaman,Technology,,
Dimana untuk menonton??,Entertaiment,,
Ketika orang IT dari perusahaan datang untuk memperbaiki satu baris di layar Anda.,Entertaiment,,
Show Bangun Platform Film Berbasis Kripto dan AI,Technology,,
"Benar-benar sinematik!  Kualitas animasi Ling Cage berada pada level lain â setiap episode terasa seperti film blockbuster fiksi ilmiah Hollywood yang lengkap. Visualnya, pencahayaannya, pembangunan dunia... Donghua Tiongkok sedang makan saat ini.",Entertaiment,,
âoh lagunya mungkin akan lembut dan sedihâ,Entertaiment,,
Nama Donghua,Entertaiment,,
Donghua adalah yang terbaik,Entertaiment,,
doa terbaik untuk perekonomian Indonesia semoga ada yang bisa mengambil tindakan dan menyelamatkan keadaan,Economy,,
Ling Cage (2019) Seri Lengkap | Tonton Daring | Streaming Itu,Entertaiment,,
Kondisi Indonesia sangat bagus... Perekonomian tumbuh subur  pemerintah dengan kebijakannya menyerap jutaan lapangan kerja Program Presiden untuk modernisasi kapal penangkap ikan mampu menyerap 500.000 lapangan kerja. Ini baru sisi ini  bahkan belum mencetak sawah,Economy,,
Cristian Chivu Panen Pujian Usai Bawa Inter Milan Raih Double Winner,Technology,,
Masa depan yang berorientasi pada agen membutuhkan jenis komputasi baru,Technology,,
Seekor kucing yang terancam terjatuh dari atap stadion diselamatkan oleh bendera yang dikibarkan oleh para penggemar.,Entertaiment,,
Video: NVIDIA Luncurkan Tekonologi Baru Untuk Pengembangan AI,Technology,,
Jadwal MPL ID S17 Week 8: Dewa United Esports Vs Evos,Technology,,
Meski Purbaya sering mengklaim semuanya baik-baik saja  namun perekonomian Indonesia berada dalam mode bertahan.,Economy,,
Kondisi perekonomian Indonesia saat ini sangat kritis  banyak dari kondisi tersebut yang dipoles dan ditutup-tutupi oleh buzzer pemerintah yang menggunakan argumen dan informasi yang membuat segalanya tampak baik-baik saja. Tujuannya untuk menenangkan situasi dan menghibur warga  namun jika,Economy,,
"Dan nama sialan itu, apakah aku hanya membayangkannya atau bagaimana?",Entertaiment,,
Kapan musim ke-2 datang?,Entertaiment,,
"Saya berharap rasa lapar yang menjalar akan terbelah di tengah, bukan di telapak tangan saya sendiri. Tapi secara keseluruhan saya senang dengan ini :3",Entertaiment,,
Jadi  masalahnya bukan hanya apakah perekonomian tumbuh atau tidak. Masalah utamanya adalah kualitas dan ketahanan pertumbuhan. Pertumbuhan sebesar 5 61% memang positif  namun pelemahan rupiah  tekanan terhadap IHSG,Economy,,
Kudengar musim 3 akan segera hadir,Entertaiment,,
Daftar HP Samsung yang Dukung AirDrop untuk Transfer Foto ke iPhone,Technology,,
Apakah saya perlu menonton musim pertama?,Entertaiment,,
Dengan kecepatan yang sama dengan pesawatâ¦,Entertaiment,,
Di #NVIDIAGTC di #COMPUTEX2026  desain semikonduktor  fisika AI  dan banyak lagi.  jelajahi sesi yang membahas perkembangan terbaru dalam komputasi akselerasi,Technology,,
Apa yang kami sebut genre karakter ini,Entertaiment,,
Anda akan memberi nama atau menjadi tas douche itu?,Entertaiment,,
Silakan tonton Fullmetal Alchemist All-Star dengan animasi Granblue Fantasy.,Entertaiment,,
Donghua > Anime,Entertaiment,,
Sangat setuju,Entertaiment,,
tidak ada nama yang disebutkan di postingan jadi siapa yang peduli,Entertaiment,,
Unboxing iPhone 17e Soft Pink  Warnanya Bikin Kepincut Harga Rp 13 Jutaan,Technology,,
Google Gagalkan Eksploitasi Zero-Day yang Diciptakan Pakai AI,Technology,,
Fitur Keamanan Baru Lindungi HP Android dari Copet dan Penipu,Technology,,
Iblis mungkin menangis manusia puncak,Entertaiment,,
Indonesia sekarang aneh sekali ya? Semuanya tentang pelemahan rupiah MBG korupsi PHK massal dan kenaikan harga bahan bakar. Dulu jauh lebih seru ada manusia babi hutan yang bisa berubah bentuk nenek dengan sendok sayur Ponari UFO di GBK kiamat 2012 gua langsung ke Mekah Wewe Gombel. Sekarang berita hanya membuat semua orang khawatir.,Economy,,
"Oke, dikonfirmasi oleh Denia. Arsitek Agung adalah seorang wanita.",Entertaiment,,
Dalam normal memang injeksi 200T ke himbara akan membantu dengan asumsi asumsi ideal  tapi dgn,Economy,,
Cara dia menenangkan diri setelah mendengar 10 anak,Entertaiment,,
Film apa ini!?,Entertaiment,,
Saya pikir ini pemutih.,Entertaiment,,
Keserakahan akan menghabisinya,Entertaiment,,
Ramalan Teknologi Masa Depan Ini Ternyata Meleset Jauh,Technology,,
Reaksi Penggemar Genshin Impact Atas Model Sandrone yang Didesain Ulang,Entertaiment,,
Indonesia mengumumkan perusahaan milik negara untuk mengendalikan ekspor komoditas penting. Hal ini juga akan mengharuskan eksportir untuk menyimpan pendapatan mereka di bank-bank milik negara. âSetiap harga [komoditas ini] harus kita tentukan. Kalau tidak mendukung  mereka tidak perlu membeli. Kita pakai,Economy,,
Era AI membutuhkan CPU baru. Perkenalkan NVIDIA Vera  penyelesaian tugas agen 80% lebih cepat daripada x86.,Technology,,
"Pertumbuhan ekonominya tinggi tapi yang tumbuh tinggi konsumsi Sektor industri pengolahan sektor stagnan Ibarat orang yang makannya banyak  tapi memasaknya sedikit atau ""Rajin Belanja"" belanjanya pakai utang pula oh",Economy,,
Integrasi Jaringan XLSmart Capai 70%  Sinyal 5G Makin Dikebut,Technology,,
itulah yang saya rasakan tentang The Sandman,Entertaiment,,
Apakah ini foto dari musim terbaru?,Entertaiment,,
TEMAN-TEMAN... SAYA BARU TAHU,Entertaiment,,
SpaceX Ternyata Bakar Duit Besar-besaran dan Rugi Raksasa,Technology,,
